Data,Evento,Esporte,Casa de Apostas,Formato,Resultado,Stake (R$),Odds,Odds Fechamento,Comissão (%),Lucro/Perda (R$),Fonte da Stake,Notas
2026-08-01T08:05:00+00:00,ML Santos + 0.5 SOT Neymar (01/08),Football,Lottu,Simples,Perdeu,25.00,2.3,,0,-25.00,Casa,[Encaminhada]
2026-08-01T08:06:00+00:00,Atletico MG vence a 0 (01/08),Football,EstrelaBet,Simples,Perdeu,20.00,2.5,,0,-20.00,Casa,[Encaminhada]
2026-08-01T08:08:00+00:00,Atlético MG marca em ambos tempos (01/08),Football,vupi,Simples,Perdeu,10.00,3,,0,-10.00,Casa,[Encaminhada]
2026-08-01T08:08:00+00:00,Gol em ambos tempos - Vasco x Fluminense (01/08),Football,vupi,Simples,Perdeu,20.00,2.5,,0,-20.00,Casa,[Encaminhada]
2026-08-01T08:09:00+00:00,Gol em ambos tempos - Vasco x Fluminense (01/08) - COMPLEMENTO VUPI,Football,EsportivaBet,Simples,Perdeu,35.00,2.25,,0,-35.00,Casa,[Encaminhada]
2026-08-01T08:10:00+00:00,Ambas marcam & Over 4.5 cards - Vasco x Fluminense,Football,Novibet,Simples,Perdeu,30.81,4.72,,0,-30.81,Casa,[Encaminhada]
2026-08-01T08:10:00+00:00,Over 1.5 gols HT - Vasco x Fluminense (01/08),Football,EsportivaBet,Simples,Perdeu,25.00,4,,0,-25.00,Casa,[Encaminhada]
2026-08-01T08:48:00+00:00,Andres Gomez SOT,Football,Bet365,Simples,Perdeu,5.00,2,,0,-5.00,Casa,[Encaminhada]
2026-08-01T08:48:00+00:00,"DC Vasco, 9+ cantos e 6+ cartões",Football,VaiDeBet,Simples,Perdeu,10.00,10,,0,-10.00,Casa,[Encaminhada]
2026-08-01T08:48:00+00:00,"3+ gols, Neymar anytime e 11+ cantos ",Football,VaiDeBet,Simples,Perdeu,5.00,10,,0,-5.00,Casa,[Encaminhada]
2026-08-01T08:49:00+00:00,Ambas equipes marcam e 10+ cantos - Vasco x Flu,Football,Lottu,Simples,Perdeu,20.00,4.8,,0,-20.00,Casa,[Encaminhada]
2026-08-01T11:10:00+00:00,Gol HT + Unv. Concepcion: ML & Marcar primeiro,Football,CasaDeAposta,Simples,Perdeu,15.00,5.2,,0,-15.00,Casa,[Encaminhada]
2026-08-01T14:46:00+00:00,Santos vence no HT a 0 - SÓ VALE COM O AUMENTO DE 25%,Football,Betano,Simples,Perdeu,35.00,2.6,,0,-35.00,Casa,[Encaminhada]
2026-08-01T14:46:00+00:00,9+ escanteios em todos os jogos da CDB,Football,EstrelaBet,Simples,Perdeu,10.00,3.75,,0,-10.00,Casa,[Encaminhada]
2026-08-01T14:47:00+00:00,Gol HT em todos os jogos da CDB,Football,EstrelaBet,Simples,Perdeu,5.00,3.7,,0,-5.00,Casa,[Encaminhada]
2026-08-01T14:47:00+00:00,2+ gols em todos os jogos da CDB,Football,EstrelaBet,Simples,Perdeu,10.00,3.3,,0,-10.00,Casa,[Encaminhada]
2026-08-01T14:47:00+00:00,nenhum empate nos jogos da CDB,Football,EstrelaBet,Simples,Perdeu,5.00,2.5,,0,-5.00,Casa,[Encaminhada]
2026-08-01T14:47:00+00:00,Santos vence um dos tempos - Pelé vai jogar?,Football,EsportivaBet,Simples,Perdeu,30.00,1.5,,0,-30.00,Casa,[Encaminhada]
2026-08-01T14:48:00+00:00,Ambas marcam - Vasco x Fluminense,Football,EsportivaBet,Simples,Perdeu,15.00,2.2,,0,-15.00,Casa,[Encaminhada]
2026-08-01T14:49:00+00:00,Santos: Over 1.5 gols - Santos x Remo,Football,EstrelaBet,Simples,Perdeu,20.00,2.2,,0,-20.00,Casa,[Encaminhada]
2026-08-01T14:50:00+00:00,Juiz marcar um pênalti no jogo - Vasco x Fluminense,Football,EstrelaBet,Simples,Perdeu,10.00,4,,0,-10.00,Casa,[Encaminhada]
2026-08-01T17:50:00+00:00,Over 5.5 cards - Vasco x Fluminense,Football,EstrelaBet,Simples,Perdeu,20.00,2.5,,0,-20.00,Casa,[Encaminhada]
2026-08-01T18:08:00+00:00,Over 2.5 mapas: Astralis x MOUZ,Football,EstrelaBet,Simples,Ganhou,10.00,2.5,,0,15.00,Casa,[Encaminhada]
2026-08-01T18:08:00+00:00,Over 2.5 gols & Over 10.5 cantos - Santos x Remo,Football,Lottu,Simples,Perdeu,5.00,5.15,,0,-5.00,Casa,[Encaminhada]
2026-08-01T18:18:00+00:00,Atl. Mineiro gol HT (01/08),Football,VivaSorte,Simples,Perdeu,10.00,1.91,,0,-10.00,Casa,[Encaminhada]
2026-08-02T02:42:00+00:00,ML Cruzeiro + SOT Matheus Pereira,Football,Lottu,Simples,Perdeu,20.00,3,,0,-20.00,Casa,
2026-08-02T02:42:00+00:00,Over 0.5 SOT Alerrandro e Garro - Internacional x Corinthians,Football,Lottu,Simples,Perdeu,20.00,3.6,,0,-20.00,Casa,
2026-08-02T05:43:00+00:00,Palmeiras vence ambos tempos,Football,VaiDeBet,Simples,Perdeu,30.00,3.2,,0,-30.00,Casa,
2026-08-02T05:43:00+00:00,ML Internacional + over 4.5 cartões,Football,VaiDeBet,Simples,Ganhou,20.00,4.5,,0,70.00,Casa,
2026-08-02T05:43:00+00:00,DC Internacional ou Corinthians + over 8.5 cantos e under 2.5 gols,Football,VaiDeBet,Simples,Ganhou,30.00,4.3,,0,99.00,Casa,
2026-08-02T05:43:00+00:00,ML Cruzeiro + anytime Kaio Jorge + under 8.5 cantos,Football,VaiDeBet,Simples,Perdeu,10.00,10,,0,-10.00,Casa,
2026-08-02T05:44:00+00:00,Anytime Alerrandro + over 9.5 cantos - Internacional x Corinthians,Football,VaiDeBet,Simples,Perdeu,10.00,10,,0,-10.00,Casa,
2026-08-02T05:44:00+00:00,ML River Plate + 1.5 gols River,Football,VaiDeBet,Simples,Perdeu,10.00,3.3,,0,-10.00,Casa,
2026-08-02T05:49:00+00:00,ML Toluca + over 3.5 gols,Football,VaiDeBet,Simples,Ganhou,20.00,4,,0,60.00,Saldo Livre,
2026-08-02T05:49:00+00:00,ML América + over 2.5 gols e anytime Henry Martin,Football,VaiDeBet,Simples,Ganhou,10.00,4,,0,30.00,Saldo Livre,
2026-08-02T07:21:00+00:00,Corinthians ganha um dos tempos,Football,EsportesDaSorte,Simples,Perdeu,40.00,3,,0,-40.00,Saldo Livre,
2026-08-02T07:22:00+00:00,Over 0.5 gols HT nos jogos da Copa do Brasil,Football,EsportesDaSorte,Simples,Perdeu,5.00,5.7,,0,-5.00,Saldo Livre,
2026-08-02T07:46:00+00:00,ML Cruzeiro HT + over 2.5 gols,Football,EsportesDaSorte,Simples,Perdeu,10.00,5.15,,0,-10.00,Casa,
2026-08-02T08:01:00+00:00,ML Cruzeiro + 1.5 chutes do Matheus Pereira,Football,EstrelaBet,Simples,Perdeu,10.00,3,,0,-10.00,Casa,
2026-08-02T08:06:00+00:00,Over 0.5 gols HT + SOT Johan Carbonero - Internacional x Corinthians,Football,EstrelaBet,Simples,Perdeu,10.00,3,,0,-10.00,Casa,
2026-08-02T08:08:00+00:00,ML Santos HT/FT (02/08),Football,vupi,Simples,Perdeu,10.00,2.75,,0,-10.00,Casa,[Encaminhada]
2026-08-02T08:14:00+00:00,ML Palmeiras HT + 0.5 cartões HT Fortaleza,Football,Bet365,Simples,Perdeu,5.00,3.25,,0,-5.00,Casa,
2026-08-02T13:18:00+00:00,Palmeiras vence no HT a 0 - SÓ VALE COM O AUMENTO DE 25%,Football,Betano,Simples,Perdeu,35.06,2.02,,0,-35.06,Casa,
2026-08-02T17:49:00+00:00,Cruzeiro marcar primeiro - Chapecoense x Cruzeiro,Football,EstrelaBet,Simples,Perdeu,20.00,2,,0,-20.00,Casa,[Encaminhada]
2026-08-02T17:50:00+00:00,Internacional marcar primeiro - Internacional x Corinthians,Football,EstrelaBet,Simples,Ganhou,20.00,2.5,,0,30.00,Casa,[Encaminhada]
2026-08-02T17:50:00+00:00,Ambas marcam - Mirassol x Grêmio,Football,EstrelaBet,Simples,Ganhou,20.00,2.3,,0,26.00,Casa,[Encaminhada]
2026-08-03T04:06:00+00:00,Taylor Fritz 2-0,Football,Betano,Simples,Ganhou,45.00,3.35,,0,105.75,Casa,
2026-08-03T07:02:00+00:00,Vélez vence um dos tempos e partida tem 6+ cartões,Football,BetPix,Simples,Perdeu,5.00,4.6,,0,-5.00,Casa,
2026-08-03T07:06:00+00:00,ML Gabriel Diallo e Matteo Berrettini,Football,Betano,Simples,Perdeu,20.00,3.35,,0,-20.00,Casa,
2026-08-03T07:06:00+00:00,2-0 Matteo Berrettini,Football,Betano,Simples,Perdeu,30.00,2.85,,0,-30.00,Casa,
2026-08-03T07:07:00+00:00,Taylor Fritz e Altmaier ML,Football,Betano,Simples,Ganhou,20.00,4.65,,0,73.00,Casa,
2026-08-03T09:46:00+00:00,"Celtic, York City e FCSB ML",Football,SportingBet,Simples,Perdeu,10.00,3.5,,0,-10.00,Casa,
2026-08-03T09:46:00+00:00,Over 2.5 gols & Over 8.5 SOT's - Athletico PR x Vitória,Football,Novibet,Simples,Perdeu,10.00,3.93,,0,-10.00,Casa,
2026-08-03T14:38:00+00:00,Vélez ML + 1.5 Gols + 8.5 Cantos,Football,Betano,Simples,Perdeu,5.00,7.37,,0,-5.00,Casa,
2026-08-03T15:19:00+00:00,Cap gol HT (03/08),Football,VivaSorte,Simples,Ganhou,20.00,2.01,,0,20.20,Casa,[Encaminhada]
2026-08-03T16:08:00+00:00,Alex Michelsen - Jan-Lennard Struff - Total de Games Mais de 21.5,Football,Betano,Simples,Ganhou,30.00,2,,0,30.00,Casa,
2026-08-03T16:15:00+00:00,5+ Defesas Lucas Arcanjo -> Cap,Football,VaiDeBet,Simples,Perdeu,25.00,4,,0,-25.00,Casa,
2026-08-03T19:12:00+00:00,Viveros anytime -> Cap,Football,PixBet,Simples,Perdeu,20.00,2.75,,0,-20.00,Casa,
2026-08-03T19:13:00+00:00,Athletico PR marcar em ambos os tempos - Athletico PR x Vitória,Football,EstrelaBet,Simples,Ganhou,10.00,3.3,,0,23.00,Casa,
2026-08-03T19:13:00+00:00,Gol HT e BTTS - Velez x Independiente,Football,PixBet,Simples,Perdeu,20.00,3,,0,-20.00,Casa,
2026-08-03T19:14:00+00:00,Celtic HT/FT  - Celtic X Dundee,Football,vupi,Simples,Perdeu,20.00,1.85,,0,-20.00,Casa,
2026-08-03T19:14:00+00:00,Athletico Paranaense over 1.5 gols - Atletico paranaense x Vitoria,Football,vupi,Simples,Ganhou,10.00,2.2,,0,12.00,Casa,
2026-08-03T19:34:00+00:00,"Over 1.5 gols, gol San Lorenzo e Over 5.5 cantos - Central Cordoba x San Lorenzo",Football,VaiDeBet,Simples,Perdeu,20.00,4,,0,-20.00,Casa,
2026-08-03T19:41:00+00:00,"Huracan ML, Over 1.5 gols e Over 2.5 cantos HT",Football,VaiDeBet,Simples,Perdeu,5.00,4.5,,0,-5.00,Casa,
2026-08-03T19:58:00+00:00,Celtic ML HT E Over 1.5 gols HT - Celtic x Dundee FC,Football,PixBet,Simples,Perdeu,5.00,3,,0,-5.00,Casa,
2026-08-03T19:59:00+00:00,"CAP vence e tem mais escanteios, Vitória recebe mais cartões",Football,PixBet,Simples,Ganhou,10.00,4.25,,0,32.50,Casa,
2026-08-03T19:59:00+00:00,Corinthians(F) marca em ambos os tempos e Over 2.5 gols no jogo,Football,VaiDeBet,Simples,Perdeu,5.00,4.5,,0,-5.00,Casa,
2026-08-04T06:01:00+00:00,Tigres cobra 6+ cantos e Real Salt Lake recebe 2+ cartões,Football,VaiDeBet,Simples,Perdeu,10.00,4,,0,-10.00,Casa,
2026-08-04T06:45:00+00:00,Ambas marcam e gol HT - Remo x Santos,Football,EsportesDaSorte,Simples,Perdeu,35.00,2.9,,0,-35.00,Casa,
2026-08-04T06:56:00+00:00,ML Olympiacos & Ambas marcam - Olympiacos x NEC Nijmegen,Football,Novibet,Simples,Perdeu,20.00,3.46,,0,-20.00,Casa,
2026-08-04T06:57:00+00:00,ML Santos & Over 4.5 cards - Remo x Santos,Football,Novibet,Simples,Ganhou,15.00,4.56,,0,53.40,Casa,
2026-08-04T07:28:00+00:00,Atlético MG se classificar - Juventude x Atlético MG,Football,EsportivaBet,Simples,Ganhou,30.00,1.9,,0,27.00,Casa,
2026-08-04T07:29:00+00:00,Over 1.5 gols - Juventude x Atlético MG,Football,EsportivaBet,Simples,Perdeu,30.00,1.7,,0,-30.00,Casa,
2026-08-04T07:46:00+00:00,Cassierra SOT E Galo classifica ,Football,Bet365,Simples,Perdeu,5.00,3,,0,-5.00,Casa,
2026-08-04T07:54:00+00:00,Total de gols: Mais de 1.5 -> ⚽ Remo - Santos,Football,EsportivaBet,Simples,Perdeu,30.00,1.6,,0,-30.00,Saldo Livre,
2026-08-04T08:09:00+00:00,"Both team to receive a card, Santos classifica e 2+ gols",Football,Betano,Simples,Perdeu,30.00,3.32,,0,-30.00,Casa,
2026-08-04T09:16:00+00:00,ML Mattia Belluci & Stefanos Tsitsipas,Football,Betano,Simples,Perdeu,50.00,3.9,,0,-50.00,Casa,
2026-08-04T09:17:00+00:00,"ML Jack Draper, Lorenzo Sonego & Frences Tiafoe",Football,Betano,Simples,Perdeu,20.00,5.4,,0,-20.00,Casa,
2026-08-04T09:17:00+00:00,ML Denis Shapovalov & Marcos Giron,Football,Betano,Simples,Perdeu,15.00,5.2,,0,-15.00,Casa,
2026-08-04T09:17:00+00:00,⚽ Martin Damm - Stefanos Tsitsipas -> Total de Games Mais de 24.5,Football,Betano,Simples,Perdeu,40.00,2.02,,0,-40.00,Casa,
2026-08-04T09:47:00+00:00,ML Atlético MG & Over 8.5 cantos - Juventude x Atlético MG,Football,Novibet,Simples,Perdeu,10.00,4.31,,0,-10.00,Casa,
2026-08-04T10:27:00+00:00,Vekic e Alexandrova ML,Football,Betano,Simples,Perdeu,15.00,4.2,,0,-15.00,Casa,
2026-08-04T10:28:00+00:00,Potapova e Siniakova ML,Football,Betano,Simples,Perdeu,20.00,3.2,,0,-20.00,Casa,
2026-08-04T10:33:00+00:00,Keys e Gibson vencem por 2-0,Football,Betano,Simples,Ganhou,10.00,5,,0,40.00,Casa,
2026-08-04T11:33:00+00:00,Chance dupla: Remo ou empate + Total de gols: Mais de 2.5,Football,VaiDeBet,Simples,Perdeu,15.00,5,,0,-15.00,Casa,
2026-08-04T12:02:00+00:00,Lyon a zero HT - SÓ VALE COM AUMENTO DE 25%!!,Football,Betano,Simples,Ganhou,20.00,3.94,,0,58.80,Casa,
2026-08-04T14:51:00+00:00,Shuai Zhang - Jelena Ostapenko: Total de Games Mais de 20.5,Football,Betano,Simples,Reembolsada,30.00,2.07,,0,0.00,Casa,
2026-08-04T15:24:00+00:00,ML Estrela Vermelha e 3+ gols,Football,Novibet,Simples,Perdeu,5.00,2.97,,0,-5.00,Casa,
2026-08-04T15:29:00+00:00,HT Dinamo Zagreb & Over 1.5 gols HT - Dinamo Zagreb x Kauno Zalgiris,Football,PixBet,Simples,Ganhou,25.00,3.5,,0,62.50,Casa,
2026-08-04T15:39:00+00:00,Levski Sofia vence e ambas equipes marcam,Football,Bet365,Simples,Perdeu,5.00,4.75,,0,-5.00,Casa,
2026-08-04T16:14:00+00:00,Santos vencer um dos tempos - Remo x Santos,Football,EstrelaBet,Simples,Ganhou,20.00,2,,0,20.00,Casa,
2026-08-04T16:15:00+00:00,Ambas marcam e over 2.5 - Juventude x Atletico Mineiro,Football,vupi,Simples,Perdeu,10.00,3,,0,-10.00,Casa,
2026-08-04T16:15:00+00:00,"DC Atlético MG, Over 1.5 gols & Over 8.5 cantos - Juventude x Atlético MG",Football,PixBet,Simples,Perdeu,20.00,3.5,,0,-20.00,Casa,
2026-08-04T18:33:00+00:00,Total de Gols (incluindo linhas Asiáticas): Mais de 2.5 + Ambas equipes marcam: Não + Total de Escanteios: Mais de 9.5 -> Remo - Santos,Football,EstrelaBet,Simples,Perdeu,10.00,15,,0,-10.00,Casa,
2026-08-04T19:13:00+00:00,Atlético MG vencer um dos tempos - Juventude x Atlético MG,Football,EstrelaBet,Simples,Ganhou,20.00,2,,0,20.00,Casa,
2026-08-04T19:14:00+00:00,Juventude marcar primeiro - Juventude x Atlético MG,Football,EstrelaBet,Simples,Perdeu,20.00,2.75,,0,-20.00,Casa,
2026-08-04T20:33:00+00:00,ML Dinamo Zagreb e BTTS,Football,SportingBet,Simples,Perdeu,15.00,3.6,,0,-15.00,Casa,
2026-08-04T20:43:00+00:00,"Columbus Crew ML, Over 2.5 e Over 3.5 cards",Football,VaiDeBet,Simples,Perdeu,5.00,5,,0,-5.00,Casa,
2026-08-04T22:05:00+00:00,⚽ Frances Tiafoe - Marin Cilic -> Total de Games Mais de 23.5,Football,Betano,Simples,Ganhou,35.00,2.25,,0,43.75,Casa,
2026-08-05T01:02:00+00:00,⚽ Grêmio - Mirassol -> Total de gols: Mais de 1.5,Football,EsportivaBet,Simples,Perdeu,30.00,1.6,,0,-30.00,Casa,
2026-08-05T04:47:00+00:00,Brann vence HT/FT,Football,Novibet,Simples,Perdeu,19.49,2.97,,0,-19.49,Casa,
2026-08-05T06:04:00+00:00,Vasco se classifica,Football,EstrelaBet,Simples,Ganhou,10.00,2.75,,0,17.50,Casa,
2026-08-05T06:04:00+00:00,João Fonseca vence HT/FT,Football,EstrelaBet,Simples,Ganhou,20.00,2.5,,0,30.00,Casa,
2026-08-05T06:07:00+00:00,⚽ Fluminense - Vasco da Gama -> Ambas equipes marcam: Não,Football,EsportivaBet,Simples,Perdeu,30.00,1.81,,0,-30.00,Casa,
2026-08-05T06:29:00+00:00,Nuno Borges e Hurkacz a 0,Football,Betano,Simples,Ganhou,5.00,7.9,,0,34.50,Casa,
2026-08-05T07:02:00+00:00,⚽ CA Tigre -  Belgrano -> 1º tempo - total de gols: Menos de 0.75,Football,EsportivaBet,Simples,Ganhou,30.00,1.85,,0,25.50,Casa,
2026-08-05T07:26:00+00:00,⚽ Fortaleza - Palmeiras -> Fortaleza - Total de Gols: Mais de 0.5,Football,EsportivaBet,Simples,Ganhou,30.00,1.75,,0,22.50,Casa,
2026-08-05T07:48:00+00:00,⚽ Ferencvarosi TC - KS Gornik Zabrze -> Total de escanteios: Mais de 10.5,Football,VaiDeBet,Simples,Perdeu,15.00,2.66,,0,-15.00,Casa,
2026-08-05T09:12:00+00:00,⚽ Grêmio - Mirassol -> Ambas equipes marcam: Sim,Football,BateuBet,Simples,Perdeu,20.00,2.2,,0,-20.00,Casa,
2026-08-05T09:28:00+00:00,"ML Fonseca, Norrie e Khachanov",Football,Betano,Simples,Perdeu,10.00,4.9,,0,-10.00,Casa,
2026-08-05T09:28:00+00:00,2-0 João Fonseca,Football,Betano,Simples,Ganhou,15.00,3.05,,0,30.75,Casa,
2026-08-05T09:28:00+00:00,"ML Marozsan, Mensik e Alex Michelsen",Football,Betano,Simples,Perdeu,20.00,4.75,,0,-20.00,Casa,
2026-08-05T09:36:00+00:00,Ambas marcam e +7.5 cantos - Fluminense x Vasco,Football,BravoBet,Simples,Perdeu,10.00,3.1,,0,-10.00,Casa,
2026-08-05T10:22:00+00:00,⚽ SK Brann - Apollon Limassol FC -> 1º tempo - total de gols: Menos de 1,Football,EsportivaBet,Simples,Perdeu,20.00,2.57,,0,-20.00,Saldo Livre,
2026-08-05T10:22:00+00:00,⚽ Al Ain - Toulouse -> Al Ain para vencer um dos tempos: Sim + Toulouse para marcar em ambos os tempos: Sim,Football,EstrelaBet,Simples,Perdeu,5.00,10,,0,-5.00,Casa,
2026-08-05T11:03:00+00:00,Vencedor do encontro: Palmeiras,Football,EstrelaBet,Simples,Perdeu,10.00,2,,0,-10.00,Casa,
2026-08-05T11:06:00+00:00,Cruzeiro HT/FT e ambas não marcam,Football,PixBet,Simples,Ganhou,5.00,3.25,,0,11.25,Casa,
2026-08-05T11:08:00+00:00,Vencedor do encontro: Palmeiras,Football,vupi,Simples,Perdeu,10.00,2,,0,-10.00,Casa,
2026-08-05T11:08:00+00:00,Inter Miami HT/FT e Messi marca (ta como provavel),Football,PixBet,Simples,Ganhou,10.00,3,,0,20.00,Casa,
2026-08-05T11:14:00+00:00,⚽ Zachary Svajda - Arthur Fils -> Handicap de sets: Arthur Fils (-1.5),Football,vupi,Simples,Perdeu,23.00,1.88,,0,-23.00,Casa,
2026-08-05T11:18:00+00:00,"Fener ML, ambas marcam e Fener tem + cantos",Football,PixBet,Simples,Perdeu,50.00,4.5,,0,-50.00,Casa,
2026-08-05T12:18:00+00:00,Ambas marcam e 3+ gols: Grêmio x Mirassol - SÓ VALE COM AUMENTO DE 25%!!,Football,Bet365,Simples,Perdeu,5.00,2.75,,0,-5.00,Casa,
2026-08-05T13:34:00+00:00,Inter Miami vence e Messi marca,Football,Novibet,Simples,Ganhou,30.00,2.05,,0,31.50,Casa,
2026-08-05T14:33:00+00:00,⚽ Fortaleza x Palmeiras -> Para Ambos os Times Marcarem & Mais de 10.5 Escanteios,Football,EsportesDaSorte,Simples,Perdeu,20.00,4.9,,0,-20.00,Saldo Livre,
2026-08-05T15:13:00+00:00,ML Cruzeiro + 1  gol HT + Matheus Pereira dá assistencia,Football,Betano,Simples,Perdeu,15.00,5.2,,0,-15.00,Casa,
2026-08-05T15:37:00+00:00,⚽ Cruzeiro - Chapecoense -> Resultado Final: Empate,Football,Betano,Simples,Perdeu,5.00,5.1,,0,-5.00,Casa,
2026-08-05T17:53:00+00:00,Cruzeiro vence por 2 gols de diferença ou mais - SÓ VALE COM AUMENTO DE 25%!!,Football,Betano,Simples,Ganhou,60.00,2,,0,60.00,Casa,
2026-08-05T17:53:00+00:00,⚽ Nashville SC - Club León -> Resultado Final: Nashville SC,Football,Betano,Simples,Perdeu,40.00,2.22,,0,-40.00,Casa,
2026-08-05T19:44:00+00:00,Cruzeiro Total de gols: Mais de 2.5,Football,vupi,Simples,Perdeu,10.00,3,,0,-10.00,Casa,
2026-08-05T20:51:00+00:00,⚽ Fluminense - Vasco da Gama -> Fluminense ML e Ambas marcam,Football,EsportivaBet,Simples,Perdeu,5.00,6,,0,-5.00,Casa,
2026-08-06T06:04:00+00:00,Athletico PR marca primeiro,Football,EstrelaBet,Simples,Perdeu,20.00,2.5,,0,-20.00,Casa,
2026-08-06T06:04:00+00:00,Corinthians vence um dos tempos,Football,EstrelaBet,Simples,Ganhou,20.00,1.65,,0,13.00,Casa,
2026-08-06T06:05:00+00:00,Vitória vence um dos tempos,Football,EstrelaBet,Simples,Ganhou,20.00,2.2,,0,24.00,Casa,
2026-08-06T06:52:00+00:00,⚽ Corinthians - Internacional -> 1º tempo - Internacional gols exatos: 1,Football,EstrelaBet,Simples,Perdeu,20.00,3.45,,0,-20.00,Casa,
2026-08-06T09:49:00+00:00,3+ defesas de cada goleiro - Corinthians x Internacional,Football,Betnacional,Simples,Perdeu,21.50,3.4,,0,-21.50,Casa,
2026-08-06T09:49:00+00:00,Twente ganha por 2+ gols de diferença,Football,SportingBet,Simples,Ganhou,10.00,1.65,,0,6.50,Casa,
2026-08-06T09:49:00+00:00,"Over 2.5 gols, over 1.5 gols FT E Corinthians primeiro canto",Football,VaiDeBet,Simples,Ganhou,10.00,5.2,,0,42.00,Casa,
2026-08-06T09:50:00+00:00,Chicago Fire ML e anytime Lewandowski,Football,Novibet,Simples,Perdeu,15.00,2.86,,0,-15.00,Casa,
2026-08-06T09:51:00+00:00,"Gol HT, 9+ cantos & 6+ cartões - Vitória x CAP",Football,BetPix,Simples,Ganhou,5.00,5.3,,0,21.50,Casa,
2026-08-06T09:51:00+00:00,Corinthians vence HT/FT,Football,EsportivaBet,Simples,Ganhou,20.00,3.6,,0,52.00,Casa,
2026-08-06T09:52:00+00:00,⚽ Maccabi Tel Aviv FC - CSKA Sofia -> Maccabi Tel Aviv FC para vencer um dos tempos: Sim + CSKA Sofia para vencer uma dos tempos: Sim,Football,EstrelaBet,Simples,Perdeu,5.00,5.75,,0,-5.00,Casa,
2026-08-06T11:04:00+00:00,⚽ Bristol City - Walsall FC -> 1º tempo - Walsall FC gols exatos: 1,Football,EstrelaBet,Simples,Reembolsada,20.00,3.6,,0,0.00,Casa,
2026-08-06T15:19:00+00:00,⚽ Vitória - Athletico-PR -> Total de gols: Menos de 2.5,Football,EsportivaBet,Simples,Perdeu,30.00,1.75,,0,-30.00,Saldo Livre,
2026-08-06T15:20:00+00:00,⚽ Corinthians - Internacional -> Intervalo/final do jogo: Corinthians/Corinthians,Football,EstrelaBet,Simples,Ganhou,10.00,3.5,,0,25.00,Casa,
2026-08-06T16:01:00+00:00,"7+ cantos SCCP, Corinthians tem mais cantos HT e gol FT - SÓ VALE COM AUMENTO DE 25%!!",Football,Betano,Simples,Ganhou,20.00,3.21,,0,44.20,Casa,
2026-08-06T16:02:00+00:00,Internacional cobra 2+ cantos,Football,EsportivaBet,Simples,Perdeu,30.00,1.5,,0,-30.00,Casa,
2026-08-06T16:04:00+00:00,Corinthians marca e tem mais cantos HT,Football,EsportivaBet,Simples,Ganhou,30.00,1.8,,0,24.00,Casa,
2026-08-06T18:41:00+00:00,⚽ Jagiellonia Bialystok - Glasgow Rangers -> Ambas ganham um tempo,Football,EstrelaBet,Simples,Perdeu,5.00,5,,0,-5.00,Casa,
2026-08-06T18:41:00+00:00,⚽ Maccabi Tel Aviv FC - CSKA Sofia -> Ambas ganham um tempo,Football,EstrelaBet,Simples,Perdeu,5.00,5.4,,0,-5.00,Casa,
2026-08-06T19:01:00+00:00,Under 1.5 gols e 5.5 cantos HT + over 0.5 gols do CAP no jogo,Football,Betano,Simples,Perdeu,20.00,3.5,,0,-20.00,Casa,
2026-08-06T19:04:00+00:00,⚽ CFR Cluj - Tromso IL -> Ambas ganham um tempo,Football,EstrelaBet,Simples,Perdeu,5.00,5,,0,-5.00,Casa,
2026-08-07T06:35:00+00:00,Tressoldi anytime -> Brugge,Football,PixBet,Simples,Ganhou,10.00,2.25,,0,12.50,Casa,
2026-08-07T06:36:00+00:00,"5+ cards, ML Rosário e 9+ SOTs",Football,Betano,Simples,Perdeu,10.00,5.64,,0,-10.00,Casa,
2026-08-07T06:36:00+00:00,"Both team to receive a card, 3+ gols e 11+ cantos -> Ceará x Ponte Preta",Football,Betano,Simples,Perdeu,10.00,4.8,,0,-10.00,Casa,
2026-08-07T06:37:00+00:00,"ML Wolverhampton, Wycombe e Middlesbrough",Football,SportingBet,Simples,Perdeu,5.00,5.25,,0,-5.00,Casa,
2026-08-07T06:37:00+00:00,Keyd e Loud ML,Football,EsportivaBet,Simples,Perdeu,10.00,5,,0,-10.00,Casa,
2026-08-07T06:43:00+00:00,Ceará vence o HT e cobra mais cantos,Football,EsportesDaSorte,Simples,Ganhou,50.00,3.1,,0,105.00,Saldo Livre,
2026-08-07T06:43:00+00:00,ML Rosario Central + over 2.5 gols,Football,EsportesDaSorte,Simples,Ganhou,5.00,3.3,,0,11.50,Saldo Livre,
2026-08-07T06:49:00+00:00,"Over 2.5 gols, 9.5 cantos e 4.5 cartões - Ceará x Ponte Preta",Football,Lottu,Simples,Perdeu,15.00,5.3,,0,-15.00,Saldo Livre,
2026-08-07T06:49:00+00:00,Ceará marca em ambos tempos e ambos recebem um cartão,Football,Lottu,Simples,Ganhou,25.00,3.1,,0,52.50,Saldo Livre,
2026-08-07T07:58:00+00:00,Gol HT & 6+ cantos HT - Operário x São Bernardo,Football,Lottu,Simples,Perdeu,15.00,4.35,,0,-15.00,Saldo Livre,
2026-08-07T08:08:00+00:00,Over 8.5 cantos - Operario x São Bernardo,Football,EsportivaBet,Simples,Ganhou,30.00,1.5,,0,15.00,Casa,
2026-08-07T08:17:00+00:00,Over 1.5 gols - Operario x São Bernardo,Football,EsportivaBet,Simples,Ganhou,30.00,1.5,,0,15.00,Casa,
2026-08-07T08:17:00+00:00,Ceará ML X Ponte preta,Football,EsportivaBet,Simples,Ganhou,30.00,1.55,,0,16.50,Casa,
2026-08-07T09:50:00+00:00,Wrexham vence um dos tempos,Football,EstrelaBet,Simples,Perdeu,10.00,3,,0,-10.00,Casa,
2026-08-07T10:18:00+00:00,⚽ Tallon Griekspoor - Matteo Arnaldi,Football,vupi,Simples,Perdeu,50.00,1.63,,0,-50.00,Casa,
2026-08-07T10:26:00+00:00,"Rivadavia vence, cobra 5+ cantos e over 4.5 cantos HT ",Football,Betano,Simples,Perdeu,10.00,4.8,,0,-10.00,Casa,
2026-08-07T11:33:00+00:00,"Católica vence, 2+ gols HT e BTTS",Football,Betano,Simples,Perdeu,5.00,4.68,,0,-5.00,Casa,
2026-08-07T11:33:00+00:00,Ceará ganhar por 2+ gols de diferença - SÓ VALE COM AUMENTO DE 25%!!,Football,Betano,Simples,Ganhou,40.00,2.5,,0,60.00,Casa,
2026-08-07T12:42:00+00:00,Cambuur ML e 4+ cards,Football,Novibet,Simples,Perdeu,10.00,5.94,,0,-10.00,Casa,
2026-08-07T19:03:00+00:00,Pumas ML HT,Football,Novibet,Simples,Perdeu,5.00,3.9,,0,-5.00,Casa,
2026-08-08T03:36:00+00:00,Remo vence um dos tempos,Football,BolsaDeAposta,Simples,Ganhou,5.00,2.2,,0,6.00,Casa,
2026-08-08T09:18:00+00:00,"3+ gols, 9+ cantos e 4+ cards - Remo x Atlético MG",Football,BetPix,Simples,Perdeu,10.00,5.8,,0,-10.00,Casa,
2026-08-08T09:18:00+00:00,ML Botafogo & Over 2.5 gols - Botafogo x Fluminense,Football,EsportesDaSorte,Simples,Perdeu,10.00,4.4,,0,-10.00,Casa,
2026-08-08T09:18:00+00:00,"Coritiba ML, 3+ gols e 9+ cantos",Football,VaiDeBet,Simples,Ganhou,10.00,4.5,,0,35.00,Casa,
2026-08-08T09:19:00+00:00,ML Coritiba - Coritiba x Chapecoense,Football,EsportivaBet,Simples,Ganhou,30.00,1.8,,0,24.00,Casa,
2026-08-08T09:19:00+00:00,Atlético MG vence e cobra 5+ cantos,Football,EsportesDaSorte,Simples,Perdeu,15.00,6,,0,-15.00,Casa,
2026-08-08T09:19:00+00:00,Over 0.5 cards HT - Remo x Atlético MG,Football,EsportivaBet,Simples,Perdeu,30.00,1.45,,0,-30.00,Casa,
2026-08-08T09:19:00+00:00,Over 0.5 gols HT - Remo x Atlético MG,Football,EsportivaBet,Simples,Ganhou,20.00,1.55,,0,11.00,Casa,
2026-08-08T09:19:00+00:00,Over 3.5 cards - Coritiba x Chapecoense,Football,EsportivaBet,Simples,Perdeu,30.00,1.57,,0,-30.00,Casa,
2026-08-08T09:20:00+00:00,"3+ gols, 10+ cantos e 4+ cards - Coritiba x Chapecoense",Football,Lottu,Simples,Perdeu,5.00,5.8,,0,-5.00,Casa,
2026-08-08T09:20:00+00:00,Coritiba vence e ambas marcam,Football,Lottu,Simples,Ganhou,10.00,4.5,,0,35.00,Casa,
2026-08-08T09:20:00+00:00,Over 3.5 cantos HT nos 4 jogos do Brasileirão,Football,EsportivaBet,Simples,Perdeu,15.00,5,,0,-15.00,Casa,
2026-08-08T09:49:00+00:00,Gol em ambos os tempos - Remo x Galo,Football,EstrelaBet,Simples,Ganhou,20.00,2.25,,0,25.00,Casa,
2026-08-08T09:50:00+00:00,Ambas marcam e 3+ gols - Botafogo x Fluminense,Football,EstrelaBet,Simples,Perdeu,20.00,2.6,,0,-20.00,Casa,
2026-08-08T16:25:00+00:00,Coritiba vence no HT a zero - SÓ VALE COM AUMENTO DE 25%!!,Football,Betano,Simples,Ganhou,30.00,2.88,,0,56.40,Casa,
2026-08-09T00:37:00+00:00,Cruzeiro NÃO vence sem sofrer gols,Football,BolsaDeAposta,Simples,Ganhou,20.00,1.52,,0,10.40,Casa,
2026-08-09T07:57:00+00:00,Corinthians marca e Kaio César chuta no gol ,Football,EsportesDaSorte,Simples,Ganhou,20.00,3.9,,0,58.00,Casa,
2026-08-09T07:57:00+00:00,Flamengo vence ambos os tempos,Football,Lottu,Simples,Ganhou,50.00,3.25,,0,112.50,Casa,
2026-08-09T07:58:00+00:00,ML a zero Palmeiras,Football,EstrelaBet,Simples,Perdeu,20.00,2.85,,0,-20.00,Casa,
2026-08-09T07:58:00+00:00,Corinthians vence e gol no HT ,Football,EsportesDaSorte,Simples,Perdeu,5.00,5.7,,0,-5.00,Casa,
2026-08-09T07:58:00+00:00,Bahia marca 2+ gols,Football,EstrelaBet,Simples,Perdeu,20.00,2.3,,0,-20.00,Casa,
2026-08-09T07:59:00+00:00,"Gol HT, 3+ gols e 10+ cantos - Flamengo x Vitória",Football,EstrelaBet,Simples,Perdeu,15.00,3.75,,0,-15.00,Casa,
2026-08-09T07:59:00+00:00,Fonseca ou Shelton 2-0,Football,EstrelaBet,Simples,Ganhou,20.00,2,,0,20.00,Casa,
2026-08-09T07:59:00+00:00,Santos marca o primeiro gol,Football,EstrelaBet,Simples,Perdeu,15.00,1.95,,0,-15.00,Casa,
2026-08-09T07:59:00+00:00,Fonseca vence o 1° set e a partida,Football,EstrelaBet,Simples,Perdeu,20.00,3,,0,-20.00,Casa,
2026-08-09T07:59:00+00:00,Corinthians marca o primeiro gol,Football,EstrelaBet,Simples,Ganhou,15.00,2.8,,0,27.00,Casa,
2026-08-09T08:00:00+00:00,"Flamengo vence, +2.5 gols e Pedro anytime",Football,Novibet,Simples,Perdeu,10.00,2.77,,0,-10.00,Casa,
2026-08-09T08:00:00+00:00,2+ gols em cada tempo - Heerenveen x Twente,Football,Novibet,Simples,Perdeu,5.00,4.29,,0,-5.00,Casa,
2026-08-09T08:00:00+00:00,Chicago Fire ML e anytime Lewandowski,Football,Novibet,Simples,Ganhou,10.00,2.61,,0,16.10,Casa,
2026-08-09T08:01:00+00:00,ML Cruzeiro + G/A do Matheus Pereira,Football,PixBet,Simples,Perdeu,10.00,2.75,,0,-10.00,Casa,
2026-08-09T08:01:00+00:00,Over 0.5 gols HT nos jogos do Brasileirão de hoje,Football,Lottu,Simples,Perdeu,5.00,10.3,,0,-5.00,Casa,
2026-08-09T08:01:00+00:00,ML Cruzeiro HT/FT + over 2.5 gols,Football,EsportesDaSorte,Simples,Perdeu,5.00,4.75,,0,-5.00,Casa,
2026-08-09T09:44:00+00:00,Náutico vence e cobra 6 cantos,Football,Lottu,Simples,Perdeu,10.00,5.5,,0,-10.00,Casa,
2026-08-09T09:44:00+00:00,Grêmio Novorizontino vence e cobra 6 cantos,Football,Lottu,Simples,Perdeu,15.00,4.8,,0,-15.00,Casa,
2026-08-09T09:44:00+00:00,Over 0.5 gols e 5.5 cantos HT - Santos x Athletico PR,Football,Lottu,Simples,Perdeu,5.00,4.8,,0,-5.00,Casa,
2026-08-09T10:11:00+00:00,ML Palmeiras + ambos marcam,Football,EsportesDaSorte,Simples,Perdeu,10.00,4.3,,0,-10.00,Casa,
2026-08-09T10:11:00+00:00,Over 1.5 gols e 6.5 cantos do Palmeiras,Football,EsportesDaSorte,Simples,Perdeu,25.00,4.75,,0,-25.00,Casa,
2026-08-09T10:15:00+00:00,Over 1.5 gols Flamengo e 2.5 SOTs Pedro,Football,EsportesDaSorte,Simples,Perdeu,10.00,3.9,,0,-10.00,Casa,
2026-08-09T14:52:00+00:00,Flamengo vence por 2+ de diferença e -4.5 cartões - SÓ VALE COM AUMENTO DE 50%!!,Football,Betano,Simples,Ganhou,55.00,4.072,,0,168.96,Casa,
2026-08-09T17:53:00+00:00,Palmeiras a 0 HT - SÓ VALE COM AUMENTO DE 25%!!,Football,Betano,Simples,Perdeu,25.00,2.71,,0,-25.00,Casa,
2026-08-10T03:35:00+00:00,ML Plymouth Argyle & Santa Clara,Football,SportingBet,Simples,Perdeu,15.00,3,,0,-15.00,Casa,
2026-08-10T05:11:00+00:00,Gol HT e Goiás e card HT pro Londrina,Football,EsportesDaSorte,Simples,Perdeu,25.00,3.6,,0,-25.00,Casa,
2026-08-10T08:11:00+00:00,Gol HT e 5+ cantos HT - Banfield x Belgrano,Football,EsportesDaSorte,Simples,Perdeu,20.00,4.6,,0,-20.00,Casa,
2026-08-10T08:11:00+00:00,10+ Cantos & 5+ Cartões - Goiás x Londrina,Football,Novibet,Simples,Ganhou,25.00,3.31,,0,57.75,Casa,
2026-08-10T08:12:00+00:00,3+ gols & 11+ cantos - Goiás x Londrina,Football,EsportesDaSorte,Simples,Perdeu,10.00,4.75,,0,-10.00,Casa,
2026-08-10T10:32:00+00:00,Goiás: ML & Ter mais cantos,Football,EstrelaBet,Simples,Perdeu,20.00,3.3,,0,-20.00,Casa,
2026-08-10T13:26:00+00:00,Goiás vence por 2+ de diferença - SÓ VALE COM AUMENTO DE 25%!!,Football,Betano,Simples,Perdeu,20.00,3.937,,0,-20.00,Casa,
2026-08-10T22:20:00+00:00,Goiás vencer á zero - Goiás x Londrina,Football,EstrelaBet,Simples,Ganhou,15.00,3,,0,30.00,Casa,
2026-08-11T03:35:00+00:00,HT/FT Bodo/Glimt e Over 2.5 gols,Football,Novibet,Simples,Perdeu,15.00,3.64,,0,-15.00,Casa,
2026-08-11T06:36:00+00:00,Minnesota United HT/FT,Football,Novibet,Simples,Perdeu,5.00,3.63,,0,-5.00,Casa,
2026-08-11T06:36:00+00:00,ML CRB + SOT Mikael,Football,Lottu,Simples,Perdeu,10.00,3.6,,0,-10.00,Casa,
2026-08-11T06:36:00+00:00,Olympiacos se classifica e cobra 6 cantos,Football,Lottu,Simples,Perdeu,15.00,7.4,,0,-15.00,Casa,
2026-08-11T07:31:00+00:00,SPFC Will win either half,Football,EstrelaBet,Simples,Ganhou,10.00,3,,0,20.00,Casa,
2026-08-11T07:32:00+00:00,Ind. Rivadavia marca,Football,EstrelaBet,Simples,Perdeu,20.00,2,,0,-20.00,Casa,
2026-08-11T07:32:00+00:00,HC -1.5 Lyon,Football,EstrelaBet,Simples,Ganhou,10.00,2.8,,0,18.00,Casa,
2026-08-11T07:40:00+00:00,Over 8.5 chutes do Rivadavia - Fluminense x Rivadavia,Football,EsportivaBet,Simples,Ganhou,50.00,2.55,,0,77.50,Casa,
2026-08-11T08:12:00+00:00,"ML Bodo Glimt, Olympiacos, Estrela Vermelha, Fenerbahce & Lyon",Football,Lottu,Simples,Perdeu,5.00,19.7,,0,-5.00,Casa,
2026-08-11T10:24:00+00:00,1.5+ gols em todos os jogos da Champions de terça,Football,Lottu,Simples,Perdeu,5.00,12,,0,-5.00,Casa,
2026-08-11T10:25:00+00:00,"ML Slovan Bratislava, Fenerbahce & Lyon",Football,SportingBet,Simples,Ganhou,10.00,5.75,,0,47.50,Casa,
2026-08-11T10:25:00+00:00,"ML Boca, Estudiantes, Bolivar, Del Valle e Fluminense",Football,Lottu,Simples,Perdeu,5.00,21,,0,-5.00,Casa,
2026-08-11T10:25:00+00:00,ML Bolívar & Boca Juniors,Football,SportingBet,Simples,Perdeu,20.00,2.5,,0,-20.00,Casa,
2026-08-11T10:26:00+00:00,Lyon HT/FT e tem mais escanteios,Football,PixBet,Simples,Ganhou,50.00,3.75,,0,137.50,Casa,
2026-08-11T10:40:00+00:00,Over 33.5 chutes - Bolívar x São Paulo,Football,EsportivaBet,Simples,Perdeu,15.00,3,,0,-15.00,Casa,
2026-08-11T10:40:00+00:00,Over 29.5 chutes - Boca Juniors x Recoleta,Football,EsportivaBet,Simples,Ganhou,30.00,3,,0,60.00,Casa,
2026-08-11T10:41:00+00:00,Lyon classifica e +3.5 gols,Football,EsportesDaSorte,Simples,Perdeu,35.00,4.25,,0,-35.00,Casa,
2026-08-11T10:42:00+00:00,Lyon marca HT e cobra 4+ cantos HT,Football,EsportesDaSorte,Simples,Perdeu,35.00,3.9,,0,-35.00,Casa,
2026-08-11T10:43:00+00:00,Lyon HT/FT e 6+ cantos Lyon,Football,EsportesDaSorte,Simples,Ganhou,20.00,3.9,,0,58.00,Casa,
2026-08-11T10:48:00+00:00,Over 9.5 SOT's - Estudiantes x Univ. Católica,Football,EsportivaBet,Simples,Perdeu,10.00,3,,0,-10.00,Casa,
2026-08-11T10:48:00+00:00,Over 16.5 chutes do Fluminense - Fluminense x Rivadavia,Football,EsportivaBet,Simples,Perdeu,30.00,3,,0,-30.00,Casa,
2026-08-11T10:48:00+00:00,Estudiantes marcar em ambos tempos - Estudiantes x Univ. Católica,Football,EsportivaBet,Simples,Perdeu,20.00,3.5,,0,-20.00,Casa,
2026-08-11T10:48:00+00:00,Over 25.5 chutes - Estudiantes x Univ. Católica,Football,EsportivaBet,Simples,Perdeu,15.00,3,,0,-15.00,Casa,
2026-08-11T10:48:00+00:00,Fluminense marca 2+ gols e cobra 6+ cantos,Football,EsportesDaSorte,Simples,Perdeu,10.00,4.4,,0,-10.00,Casa,
2026-08-11T10:54:00+00:00,Bodo ML e +3.5 gols,Football,EsportesDaSorte,Simples,Perdeu,10.00,3.75,,0,-10.00,Saldo Livre,
2026-08-11T11:39:00+00:00,"ML Fluminense, 3+ gols & 10+ Cantos",Football,VaiDeBet,Simples,Perdeu,5.00,10,,0,-5.00,Casa,
2026-08-11T11:39:00+00:00,ML Fluminense + over 2.5 gols e 4.5 cartões,Football,VaiDeBet,Simples,Perdeu,10.00,6,,0,-10.00,Casa,
2026-08-11T13:53:00+00:00,Hulk anytime e ML Fluminense,Football,EsportesDaSorte,Simples,Perdeu,10.00,4.7,,0,-10.00,Casa,
2026-08-11T14:43:00+00:00,"Boca vence, +2.5 gols e 10+ cantos",Football,Betano,Simples,Perdeu,20.00,4.38,,0,-20.00,Casa,
2026-08-11T15:00:00+00:00,Olympiacos vence e 3+ gols,Football,Lottu,Simples,Perdeu,15.00,5.5,,0,-15.00,Casa,
2026-08-11T15:00:00+00:00,Lyon ML e ambas marcam,Football,Lottu,Simples,Perdeu,15.00,3.4,,0,-15.00,Casa,
2026-08-11T15:01:00+00:00,Estudiantes ML e +5.5 cantos Estudiantes,Football,Lottu,Simples,Perdeu,20.00,3.8,,0,-20.00,Casa,
2026-08-11T15:24:00+00:00,Bodo vence e ambas equipes marcam,Football,PixBet,Simples,Perdeu,5.00,3.25,,0,-5.00,Casa,
2026-08-11T15:24:00+00:00,"Fluminense vence, tem mais cantos e Rivadavia recebe mais cartões",Football,PixBet,Simples,Perdeu,15.00,5,,0,-15.00,Casa,
2026-08-11T15:39:00+00:00,ML Fluminense ,Football,Betano,Simples,Perdeu,110.00,2.04,,0,-110.00,Casa,
2026-08-11T16:36:00+00:00,Gol em ambos os tempos - Estudiantes x Universiad Católica,Football,Betano,Simples,Ganhou,30.00,2.43,,0,42.90,Casa,
2026-08-11T19:21:00+00:00,Crveza Zvezda HT/FT e over 3.5 gols,Football,Novibet,Simples,Perdeu,10.00,3.52,,0,-10.00,Casa,
2026-08-11T19:21:00+00:00,Lyon HT/FT e over 2.5 gols,Football,Novibet,Simples,Ganhou,15.00,3.19,,0,32.85,Casa,
2026-08-11T19:22:00+00:00,Fluminense: HT & Mais SOT's - Fluminense x Rivadavia,Football,Lottu,Simples,Perdeu,25.00,3.4,,0,-25.00,Casa,
2026-08-12T07:26:00+00:00,"Fluminense, Palmeiras e Mirassol vencem",Football,EsportivaBet,Simples,Perdeu,15.00,4.5,,0,-15.00,Casa,
2026-08-12T09:39:00+00:00,Atlético MG vencer um dos tempos - Bragantino x Atlético MG,Football,EstrelaBet,Simples,Ganhou,15.00,2.8,,0,27.00,Casa,
2026-08-12T09:43:00+00:00,Over 2.5 gols do Palmeiras - Palmeiras x Cerro Porteño,Football,EstrelaBet,Simples,Perdeu,10.00,3.2,,0,-10.00,Casa,
2026-08-12T10:09:00+00:00,Over 2.5 gols + PSG: Ser campeão e ter mais cantos,Football,Lottu,Simples,Perdeu,20.00,4.8,,0,-20.00,Casa,
2026-08-12T10:53:00+00:00,Palmeiras cobrar o primeiro canto - Palmeiras x Cerro Porteño,Football,EsportivaBet,Simples,Perdeu,30.00,1.5,,0,-30.00,Casa,
2026-08-12T12:06:00+00:00,Arsenal FC leading at halftime? — Yes,Football,Betano,Simples,Perdeu,20.00,2.1,,0,-20.00,Casa,
2026-08-12T12:08:00+00:00,Flamengo vencer um dos tempos & Ambas marcam - Cruzeiro x Flamengo,Football,EsportesDaSorte,Simples,Perdeu,15.00,4.2,,0,-15.00,Casa,
2026-08-12T12:09:00+00:00,HT: Over 0.5 gols & Over 4.5 cantos - Cruzeiro x Flamengo,Football,EsportesDaSorte,Simples,Perdeu,15.00,4.25,,0,-15.00,Casa,
2026-08-12T12:09:00+00:00,"ML PSG, Palmeiras, Bragantino & Flamengo",Football,EsportesDaSorte,Simples,Perdeu,5.00,17,,0,-5.00,Casa,
2026-08-12T12:09:00+00:00,Paris vence e +2.5 gols,Football,Betano,Simples,Ganhou,30.00,2.844,,0,55.32,Casa,
2026-08-12T12:09:00+00:00,PSG ser campeão & Over 3.5 gols - PSG x Aston Villa,Football,EsportesDaSorte,Simples,Perdeu,25.00,4.55,,0,-25.00,Casa,
2026-08-12T12:12:00+00:00,PSG vence no HT a zero - SÓ VALE COM AUMENTO DE 25%!!,Football,Betano,Simples,Perdeu,25.00,2.45,,0,-25.00,Casa,
2026-08-12T12:19:00+00:00,Kvara SOT E PSG ML,Football,Bet365,Simples,Ganhou,5.00,2.62,,0,8.10,Casa,
2026-08-12T12:23:00+00:00,Ambas marcam e gol HT - Medellin x Millonarios,Football,PixBet,Simples,Perdeu,15.00,2.5,,0,-15.00,Casa,
2026-08-12T12:37:00+00:00,Gol em ambos os tempos - Bragantino x Atlético MG,Football,EstrelaBet,Simples,Perdeu,20.00,2.25,,0,-20.00,Casa,
2026-08-12T12:46:00+00:00,Will Nottingham Forest win on 2026-08-12? — No,Football,EsportivaBet,Simples,Perdeu,20.00,2.38,,0,-20.00,Casa,
2026-08-12T12:50:00+00:00,2+ gols HT e 5+ cantos HT - PSG x Villa,Football,EsportesDaSorte,Simples,Perdeu,30.00,6.2,,0,-30.00,Saldo Livre,
2026-08-12T12:50:00+00:00,PSG vence e anytime Kvara,Football,EsportesDaSorte,Simples,Ganhou,10.00,4.5,,0,35.00,Casa,
2026-08-12T12:51:00+00:00,KJ E Pedro SOT,Football,Lottu,Simples,Perdeu,35.00,2.5,,0,-35.00,Casa,
2026-08-12T15:13:00+00:00,Will Inter Miami CF win on 2026-08-12? — No,Football,Bet365,Simples,Ganhou,20.00,1.8,,0,16.00,Casa,
2026-08-12T15:16:00+00:00,Spread: SE Palmeiras (-1.5) — SE Palmeiras,Football,EstrelaBet,Simples,Perdeu,20.00,1.96,,0,-20.00,Casa,
2026-08-12T15:21:00+00:00,"Flamengo vencer um dos tempos, Ambas marcam & Over 7.5 cantos - Cruzeiro x Flamengo",Football,Lottu,Simples,Perdeu,10.00,6,,0,-10.00,Casa,
2026-08-12T17:52:00+00:00,"Flamengo não perde, marca gol e 5+ cartões na partida - SÓ VALE COM AUMENTO DE 50%!!",Football,Betano,Simples,Perdeu,55.00,3.05,,0,-55.00,Casa,
2026-08-12T17:52:00+00:00,Palmeiras marca em ambos os tempos - SÓ VALE COM AUMENTO DE 25%!!,Football,Betano,Simples,Perdeu,30.00,2.625,,0,-30.00,Casa,
2026-08-12T20:56:00+00:00,Flamengo ter mais SOT's - Cruzeiro x Flamengo,Football,EsportivaBet,Simples,Ganhou,30.00,2.5,,0,45.00,Casa,
2026-08-12T20:56:00+00:00,Cruzeiro ter mais finalizações - Cruzeiro x Flamengo,Football,EsportivaBet,Simples,Perdeu,25.00,2,,0,-25.00,Casa,
2026-08-12T20:57:00+00:00,Over 28.5 chutes - Bragantino x Atlético MG,Football,EsportivaBet,Simples,Ganhou,15.00,3.01,,0,30.15,Casa,
2026-08-13T01:31:00+00:00,"ML Junior Barranquilla, Ambas NÃO marcam & 2+ gols",Football,CasaDeAposta,Simples,Reembolsada,10.00,3.2,,0,0.00,Casa,
2026-08-13T06:24:00+00:00,Gol em ambos os tempos - Rosário x SCCP,Football,EstrelaBet,Simples,Perdeu,20.00,2.9,,0,-20.00,Casa,
2026-08-13T06:24:00+00:00,Corinthians ganha um dos tempos,Football,EsportesDaSorte,Simples,Perdeu,45.00,3,,0,-45.00,Casa,
2026-08-13T06:24:00+00:00,"Omonia vence, 4+ gols e 9+ cantos",Football,Betano,Simples,Perdeu,5.00,4.44,,0,-5.00,Casa,
2026-08-13T06:24:00+00:00,"Santos vence, 3+ gols e 11+ cantos",Football,Betano,Simples,Perdeu,15.00,5.7,,0,-15.00,Casa,
2026-08-13T06:25:00+00:00,Primeiro canto Corinthians,Football,EsportivaBet,Simples,Perdeu,35.00,2.9,,0,-35.00,Casa,
2026-08-13T06:25:00+00:00,Cartão vermelho - Rosário x Corinthians,Football,EsportivaBet,Simples,Ganhou,35.00,3.5,,0,87.50,Casa,
2026-08-13T06:33:00+00:00,Besiktas marca em ambos os tempos e cobra 7+ cantos,Football,Lottu,Simples,Perdeu,35.00,4.7,,0,-35.00,Saldo Livre,
2026-08-13T06:33:00+00:00,ML Cienciano & Over 2.5 gols - Cienciano x Botafogo,Football,Lottu,Simples,Ganhou,10.00,4.55,,0,35.50,Saldo Livre,
2026-08-13T06:34:00+00:00,"Salzburg vence, 3+ gols e 8+ cantos",Football,Lottu,Simples,Perdeu,10.00,5,,0,-10.00,Saldo Livre,
2026-08-13T07:52:00+00:00,Vasco ML e Cobra mais cantos (melhor do ano),Football,PixBet,Simples,Perdeu,25.00,2.75,,0,-25.00,Casa,
2026-08-13T08:05:00+00:00,"ML Mirassol, 10+ Cantos & 5+ Cartões",Football,BetPix,Simples,Perdeu,5.00,5.8,,0,-5.00,Casa,
2026-08-13T08:06:00+00:00,"2+ gols, 9+ cantos & 6+ cartões -> Mirassol x LDU",Football,BetPix,Simples,Perdeu,5.00,5.5,,0,-5.00,Casa,
2026-08-13T09:16:00+00:00,Rangers FC vs. Jagiellonia Białystok: Team to Advance — Rangers FC,Football,Betano,Simples,Perdeu,20.00,1.7,,0,-20.00,Casa,
2026-08-13T11:06:00+00:00,ML Mirassol + over 1.5 gols e LDU com mais cartões,Football,PixBet,Simples,Perdeu,5.00,4,,0,-5.00,Casa,
2026-08-13T11:06:00+00:00,Mirassol vence a 0 e marca 2 gols,Football,CasaDeAposta,Simples,Perdeu,20.00,5.7,,0,-20.00,Casa,
2026-08-13T11:06:00+00:00,Vasco vence a 0 e marca HT,Football,CasaDeAposta,Simples,Perdeu,20.00,5.5,,0,-20.00,Casa,
2026-08-13T11:07:00+00:00,Ambos marcam + over 10.5 cantos - Pafos x Salzburg,Football,Lottu,Simples,Perdeu,10.00,4,,0,-10.00,Saldo Livre,
2026-08-13T11:07:00+00:00,ML Botafogo + gol em ambos tempos,Football,CasaDeAposta,Simples,Perdeu,5.00,6.4,,0,-5.00,Casa,
2026-08-13T11:08:00+00:00,ML Santos,Football,EsportivaBet,Simples,Ganhou,40.00,1.55,,0,22.00,Casa,
2026-08-13T11:08:00+00:00,2+ gols do Santos,Football,EsportivaBet,Simples,Ganhou,40.00,1.7,,0,28.00,Casa,
2026-08-13T13:54:00+00:00,Over 9.5 SOT's: Vasco x Olimpia,Football,EsportivaBet,Simples,Perdeu,30.00,3,,0,-30.00,Casa,
2026-08-13T13:54:00+00:00,HT: Over 0.5 gols & Over 5.5 cantos - Vasco x Olimpia,Football,EsportesDaSorte,Simples,Perdeu,5.00,4.8,,0,-5.00,Casa,
2026-08-13T13:54:00+00:00,Vasco para abrir vantagem,Football,SportingBet,Simples,Perdeu,30.00,2,,0,-30.00,Casa,
2026-08-13T16:55:00+00:00,Santos vence por 2+ de diferença - SÓ VALE COM AUMENTO DE 25%!!,Football,Betano,Simples,Perdeu,35.00,2.18,,0,-35.00,Casa,
2026-08-14T06:57:00+00:00,"ML Sport, 3+ gols & 10+ cantos",Football,VaiDeBet,Simples,Perdeu,25.00,4.5,,0,-25.00,Casa,
2026-08-14T08:55:00+00:00,Sporting HT/FT e 4+ gols na partida,Football,EsportesDaSorte,Simples,Ganhou,15.00,3.75,,0,41.25,Saldo Livre,
2026-08-14T08:55:00+00:00,Sporting marca em ambos os tempos e tem mais escanteios,Football,EsportesDaSorte,Simples,Perdeu,50.00,2.7,,0,-50.00,Saldo Livre,
2026-08-14T08:56:00+00:00,3+ gols & 8+ cantos - Racing x Banfield,Football,Lottu,Simples,Perdeu,15.00,4.25,,0,-15.00,Casa,
2026-08-14T08:56:00+00:00,Gol HT e 5+ cantos HT - Racing x Banfield,Football,EsportesDaSorte,Simples,Perdeu,25.00,4.15,,0,-25.00,Saldo Livre,
2026-08-14T08:56:00+00:00,Sport: ML & ter mais cantos,Football,Lottu,Simples,Perdeu,20.00,3.15,,0,-20.00,Casa,
2026-08-14T08:56:00+00:00,2+ gols e 6+ cartões - São Bernardo x Botafogo SP,Football,Novibet,Simples,Perdeu,10.00,3.52,,0,-10.00,Casa,
2026-08-14T08:58:00+00:00,"ML Monaco, Galatasaray, Atalanta, Wolverhampton & Sporting",Football,Lottu,Simples,Perdeu,5.00,19.9,,0,-5.00,Casa,
2026-08-14T08:58:00+00:00,HT: Gol & 6+ Cantos - São Bernardo x Botafogo SP,Football,Lottu,Simples,Perdeu,15.00,4.3,,0,-15.00,Casa,
2026-08-14T08:58:00+00:00,3+ gols & 11+ cantos - Ponte preta x Náutico,Football,EsportesDaSorte,Simples,Perdeu,5.00,4.75,,0,-5.00,Saldo Livre,
2026-08-14T08:58:00+00:00,ML Sporting + Ambas + 8.5 cantos,Football,EsportesDaSorte,Simples,Perdeu,10.00,6.2,,0,-10.00,Saldo Livre,
2026-08-14T08:59:00+00:00,3+ gols & 11+ cantos - Sport x Londrina,Football,EsportesDaSorte,Simples,Perdeu,5.00,4,,0,-5.00,Saldo Livre,
2026-08-14T09:56:00+00:00,"ML Sport, 3+ gols & 10+ cantos",Football,BetPix,Simples,Perdeu,25.00,4.5,,0,-25.00,Casa,
2026-08-14T09:57:00+00:00,"2+ gols, 10+ cantos & 6+ cartões - São Bernardo x Botafogo SP",Football,VaiDeBet,Simples,Perdeu,5.00,5.8,,0,-5.00,Casa,
2026-08-14T09:57:00+00:00,"ML Nautico, 2+ gols & 6+ cartões",Football,VaiDeBet,Simples,Perdeu,5.00,5.8,,0,-5.00,Casa,
2026-08-14T13:49:00+00:00,São bernardo x Botafogo - SP -> 2+ gols,Football,EsportivaBet,Simples,Perdeu,30.00,1.5,,0,-30.00,Casa,
2026-08-14T13:49:00+00:00,2+ gols - Ponte preta x Náutico,Football,EsportivaBet,Simples,Ganhou,30.00,1.5,,0,15.00,Casa,
2026-08-14T13:50:00+00:00,DC Sport + Over 1.5 gols,Football,EsportivaBet,Simples,Ganhou,50.00,1.7,,0,35.00,Casa,
2026-08-14T13:50:00+00:00,Gol HT nos jogos da série B,Football,EstrelaBet,Simples,Perdeu,5.00,3.5,,0,-5.00,Casa,
2026-08-14T15:46:00+00:00,Gol em ambos os tempos - São Bernardo x Botafogo-SP - SÓ VALE COM AUMENTO DE 25%!!,Football,Betano,Simples,Perdeu,40.00,2.44,,0,-40.00,Casa,
2026-08-15T03:38:00+00:00,Al Ittihad HT/FT,Football,SportingBet,Simples,Perdeu,45.00,2.25,,0,-45.00,Casa,
2026-08-15T06:28:00+00:00,São Paulo marcar primeiro no HT - São Paulo x Coritiba,Football,EstrelaBet,Simples,Ganhou,20.00,2.4,,0,28.00,Casa,
2026-08-15T09:26:00+00:00,PSV HT/FT,Football,Novibet,Simples,Ganhou,15.00,2.36,,0,20.40,Casa,
2026-08-15T09:27:00+00:00,Bragantino vencer um dos tempos - Athletico PR x Bragantino,Football,EstrelaBet,Simples,Perdeu,20.00,3,,0,-20.00,Casa,
2026-08-15T09:27:00+00:00,"ML Al Nassr, Al Ittihad, Udinese & Venezia",Football,EstrelaBet,Simples,Perdeu,10.00,4,,0,-10.00,Casa,
2026-08-15T09:27:00+00:00,"8+ SOTs, 10+ cantos e BTTS - Sevilla x RAYO",Football,Betano,Simples,Perdeu,10.00,6.12,,0,-10.00,Casa,
2026-08-15T09:28:00+00:00,Over 2.5 gols & Ambas marcam - São Paulo x Coritiba,Football,EstrelaBet,Simples,Perdeu,10.00,3,,0,-10.00,Casa,
2026-08-15T09:28:00+00:00,Athletico PR cobrar o primeiro canto - Athletico PR x Bragantino,Football,EstrelaBet,Simples,Ganhou,15.00,1.9,,0,13.50,Casa,
2026-08-15T09:36:00+00:00,"Ambas marcam, 3+ gols e gol HT - FLUMINENSE X PALMEIRAS",Football,IceBet,Simples,Ganhou,5.00,3.63,,0,13.15,Saldo Livre,
2026-08-15T09:36:00+00:00,ML Porto & Ambas marcam - Rio Ave x Porto,Football,EsportesDaSorte,Simples,Perdeu,5.00,3.9,,0,-5.00,Casa,
2026-08-15T09:36:00+00:00,HT: Over 0.5 gols & Over 5.5 cantos - Rio Ave x Porto,Football,EsportesDaSorte,Simples,Perdeu,5.00,4.3,,0,-5.00,Casa,
2026-08-15T09:39:00+00:00,Athletico vence e ambas equipes marcam,Football,IceBet,Simples,Perdeu,10.00,5.36,,0,-10.00,Saldo Livre,
2026-08-15T10:22:00+00:00,ML Palmeiras & Over 2.5 gols - Fluminense x Palmeiras,Football,EsportesDaSorte,Simples,Perdeu,10.00,5.5,,0,-10.00,Casa,
2026-08-15T10:50:00+00:00,Fluminense tem mais chutes a gol,Football,EsportivaBet,Simples,Perdeu,25.00,2.3,,0,-25.00,Casa,
2026-08-15T11:47:00+00:00,"ML Atlético-GO, marcar primeiro & 3+ gols no jogo",Football,CasaDeAposta,Simples,Perdeu,25.00,5.5,,0,-25.00,Casa,
2026-08-15T11:47:00+00:00,ML Criciúma à zero + 2+ gols,Football,CasaDeAposta,Simples,Perdeu,14.50,6.4,,0,-14.50,Casa,
2026-08-15T13:50:00+00:00,DC São Paulo e +2.5 gols,Football,EsportivaBet,Simples,Perdeu,25.00,2.7,,0,-25.00,Casa,
2026-08-15T16:38:00+00:00,"Gol HT, DC cards São Paulo e -5.5 cartões - SÓ VALE COM AUMENTO DE 25%!!",Football,Betano,Simples,Ganhou,25.00,4.625,,0,90.63,Casa,
2026-08-15T16:38:00+00:00,Gol em ambos os tempos - Sevilla x Rayo - SÓ VALE COM AUMENTO DE 25%!!,Football,Betano,Simples,Ganhou,40.00,2.475,,0,59.00,Casa,
2026-08-15T19:23:00+00:00,Over 2.5 gols e gol HT - Fluminense x Palmeiras,Football,EsportesDaSorte,Simples,Ganhou,15.00,3.25,,0,33.75,Casa,
2026-08-15T22:23:00+00:00,Furia handicap -1.5 mapas,Football,EstrelaBet,Simples,Perdeu,20.00,3,,0,-20.00,Casa,
2026-08-16T06:26:00+00:00,"UNDER 10,5 cantos - Vitória x Botafogo",Football,BolsaDeAposta,Simples,Perdeu,85.00,1.7,,0,-85.00,Casa,
2026-08-16T06:28:00+00:00,Bahia marcar primeiro - Chapecoense x Bahia,Football,EstrelaBet,Simples,Ganhou,20.00,2,,0,20.00,Casa,
2026-08-16T06:32:00+00:00,Atlético MG marcar primeiro - Atlético MG x Grêmio,Football,EstrelaBet,Simples,Ganhou,20.00,1.8,,0,16.00,Saldo Livre,
2026-08-16T06:32:00+00:00,Southampton vencer um dos tempos & Ambas marcam - Watford x Southampton,Football,EstrelaBet,Simples,Ganhou,20.00,3,,0,40.00,Saldo Livre,
2026-08-16T08:55:00+00:00,Villareal vence e ambas equipes marcam,Football,EsportivaBet,Simples,Perdeu,15.00,4.3,,0,-15.00,Casa,
2026-08-16T08:55:00+00:00,G/A Neymar,Football,Novibet,Simples,Perdeu,20.00,2.87,,0,-20.00,Casa,
2026-08-16T08:56:00+00:00,"João Fonseca, Tsitsipas e Taylor Fritz vence",Football,Betano,Simples,Perdeu,15.00,5.8,,0,-15.00,Casa,
2026-08-16T08:56:00+00:00,29+ finalizações - Lens x PSG,Football,EsportivaBet,Simples,Ganhou,40.00,2.5,,0,60.00,Casa,
2026-08-16T08:56:00+00:00,10+ SOTs - Lens x PSG,Football,EsportivaBet,Simples,Perdeu,45.00,2,,0,-45.00,Casa,
2026-08-16T08:57:00+00:00,"ML CRB, 9+ Cantos & 5+ Cartões",Football,VaiDeBet,Simples,Perdeu,5.00,5.3,,0,-5.00,Casa,
2026-08-16T08:57:00+00:00,Flamengo marca 2+ gols e cobra 6+ cantos,Football,EsportesDaSorte,Simples,Perdeu,5.00,5.6,,0,-5.00,Casa,
2026-08-16T08:57:00+00:00,Fonseca e Fritz a zero,Football,Betano,Simples,Perdeu,5.00,6.3,,0,-5.00,Casa,
2026-08-16T08:57:00+00:00,"3+ gols, 10+ cantos & 5+ cartões - CRB x Novorizontino",Football,VaiDeBet,Simples,Perdeu,10.00,5.8,,0,-10.00,Casa,
2026-08-16T08:58:00+00:00,3+ gols e 11+ cantos - Vasco x Santos,Football,EsportesDaSorte,Simples,Perdeu,15.00,5.25,,0,-15.00,Casa,
2026-08-16T08:58:00+00:00,Corinthians um dos tempos e 3+ gols,Football,EsportesDaSorte,Simples,Perdeu,5.00,4.26,,0,-5.00,Casa,
2026-08-16T08:58:00+00:00,"Gol HT, 5+ cantos HT e 4+ SOTs HT - Mirassol x Flamengo",Football,EsportesDaSorte,Simples,Ganhou,5.00,4.5,,0,17.50,Casa,
2026-08-16T08:58:00+00:00,Vitória vence e ambas equipes marcam,Football,EsportesDaSorte,Simples,Perdeu,10.00,5.7,,0,-10.00,Casa,
2026-08-16T08:58:00+00:00,Ambos marcam e Corinthians tem mais escanteios,Football,EsportesDaSorte,Simples,Perdeu,5.00,4.2,,0,-5.00,Casa,
2026-08-16T08:59:00+00:00,Corinthians ganha um dos tempos e 2+ gols,Football,EsportesDaSorte,Simples,Perdeu,25.00,2.8,,0,-25.00,Casa,
2026-08-16T09:15:00+00:00,PSG marca em ambos os tempos e ambas equipes marcam,Football,EsportivaBet,Simples,Perdeu,45.00,4.25,,0,-45.00,Saldo Livre,
2026-08-16T09:15:00+00:00,Ambas equipes cobram 5 ou mais cantos - Mirassol x Flamengo,Football,EsportivaBet,Simples,Perdeu,10.00,4,,0,-10.00,Saldo Livre,
2026-08-16T09:15:00+00:00,13+ finalizações do Lens,Football,EsportivaBet,Simples,Perdeu,15.00,3,,0,-15.00,Saldo Livre,
2026-08-16T09:16:00+00:00,10+ SOTs - Mirassol x Flamengo,Football,EsportivaBet,Simples,Ganhou,5.00,3,,0,10.00,Saldo Livre,
2026-08-16T09:16:00+00:00,Cruzeiro tem 13+ finalizações,Football,EsportivaBet,Simples,Ganhou,30.00,3,,0,60.00,Saldo Livre,
2026-08-16T12:26:00+00:00,Gyokeres anytime e Arsenal campeão,Football,Betano,Simples,Perdeu,15.00,6.22,,0,-15.00,Casa,
2026-08-16T12:40:00+00:00,"-5.5 cartões, gol HT e 2+ gols - Vasco x Santos - SÓ VALE COM AUMENTO DE 25%!!",Football,Betano,Simples,Perdeu,30.00,3.062,,0,-30.00,Casa,
2026-08-17T06:39:00+00:00,"Inter vence, 3+ gols e 11+ cantos",Football,IceBet,Simples,Perdeu,10.00,5.06,,0,-10.00,Saldo Livre,
2026-08-17T08:05:00+00:00,"Inter vence, 3+ gols & 9+ cantos na partida",Football,Novibet,Simples,Perdeu,25.00,3.81,,0,-25.00,Casa,
2026-08-17T08:12:00+00:00,"ML Sassuolo, 3+ gols & 9+ cantos",Football,Lottu,Simples,Ganhou,25.00,4,,0,75.00,Saldo Livre,
2026-08-17T08:12:00+00:00,"2+ gols, 9+ cantos & Ambas recebem 2+ cartões - Lanús x Independiente",Football,Lottu,Simples,Ganhou,5.00,5,,0,20.00,Saldo Livre,
2026-08-17T08:12:00+00:00,Lanús vence e 3+ gols,Football,Lottu,Simples,Perdeu,10.00,6.2,,0,-10.00,Saldo Livre,
2026-08-17T08:13:00+00:00,HT: Gol & 6+ cantos - Palermo x Lecce,Football,Lottu,Simples,Perdeu,15.00,5.15,,0,-15.00,Saldo Livre,
2026-08-17T08:13:00+00:00,Palermo se classifica + Over 2.5 gols,Football,Lottu,Simples,Perdeu,20.00,4.15,,0,-20.00,Saldo Livre,
2026-08-17T11:04:00+00:00,3+ gols do Benfica,Football,EstrelaBet,Simples,Ganhou,15.00,2.25,,0,18.75,Casa,
2026-08-17T11:09:00+00:00,HT Benfica: Gol & 4+ cantos,Football,EsportesDaSorte,Simples,Perdeu,35.00,3.5,,0,-35.00,Casa,
2026-08-17T11:09:00+00:00,Internacional: 2+ gols & 7+ cantos,Football,EsportesDaSorte,Simples,Perdeu,25.00,3.9,,0,-25.00,Casa,
2026-08-17T11:09:00+00:00,3+ gols & 9+ cantos - Velez x Defensa y Justicia,Football,EsportesDaSorte,Simples,Perdeu,15.00,5.25,,0,-15.00,Casa,
2026-08-17T11:09:00+00:00,HT: Gol & 6+ cantos - Inter x Remo,Football,EsportesDaSorte,Simples,Perdeu,35.00,3.85,,0,-35.00,Casa,
2026-08-17T11:49:00+00:00,Gol em ambos os tempos - La Coruña x Elche ,Football,Betano,Simples,Ganhou,35.00,2.02,,0,35.70,Casa,
2026-08-17T12:27:00+00:00,Internacional DC e 2+ gols,Football,EsportivaBet,Simples,Ganhou,50.00,1.6,,0,30.00,Casa,
2026-08-17T12:53:00+00:00,La Coruna vence e Elche tem mais cantos,Football,EsportivaBet,Simples,Perdeu,25.00,6.8,,0,-25.00,Casa,
2026-08-17T15:20:00+00:00,Inter a zero no HT - SÓ VALE COM AUMENTO DE 25%!!,Football,Betano,Simples,Ganhou,45.00,2.25,,0,56.25,Casa,
2026-08-17T18:19:00+00:00,5+ cartões e 9+ SOTs - Tijuana x Cruz Azul,Football,Novibet,Simples,Ganhou,15.00,3.41,,0,36.15,Casa,
2026-08-17T18:30:00+00:00,"Sassuolo, Benfica, Lanus, Velez e Inter ML",Football,EsportesDaSorte,Simples,Perdeu,10.00,17.5,,0,-10.00,Casa,
2026-08-17T19:53:00+00:00,"Sassuolo ML, Ambas marcam e Over 7.5 cantos - Sassuolo x Cesena",Football,EsportesDaSorte,Simples,Perdeu,25.00,5.1,,0,-25.00,Saldo Livre,
2026-08-17T19:53:00+00:00,Over 2.5 gols e over 10.5 Cantos - Sassuolo x Cesena,Football,EsportesDaSorte,Simples,Perdeu,20.00,5.1,,0,-20.00,Saldo Livre,
2026-08-18T06:43:00+00:00,"Ambas marcam, ambas recebem 2+cards e over 8.5 cantos - Nautico x Ceará",Football,EsportesDaSorte,Simples,Perdeu,15.00,4.75,,0,-15.00,Casa,
2026-08-18T06:43:00+00:00,São Paulo ML HT,Football,Lottu,Simples,Ganhou,45.00,2.25,,0,56.25,Casa,
2026-08-18T06:43:00+00:00,Ambas marcam e 9+ cantos - Tolima x Del Valle,Football,EsportivaBet,Simples,Perdeu,30.00,4,,0,-30.00,Casa,
2026-08-18T06:45:00+00:00,Fluminense ganha um dos tempos + SOT Hulk,Football,EsportesDaSorte,Simples,Perdeu,30.00,4,,0,-30.00,Casa,
2026-08-18T08:03:00+00:00,2+ gols HT - São Paulo x Bolivar,Football,EstrelaBet,Simples,Perdeu,10.00,3,,0,-10.00,Casa,
2026-08-18T08:04:00+00:00,ML à zero SPFC,Football,EstrelaBet,Simples,Perdeu,20.00,2.75,,0,-20.00,Casa,
2026-08-18T09:18:00+00:00,Londrina: ML & 5+ cantos,Football,Lottu,Simples,Perdeu,10.00,5.5,,0,-10.00,Casa,
2026-08-18T09:18:00+00:00,ML Dinamo Zagreb + Ambas,Football,Lottu,Simples,Perdeu,20.00,3.7,,0,-20.00,Casa,
2026-08-18T09:19:00+00:00,2+ gols nos jogos da Libertadores & Sulamericana,Football,Lottu,Simples,Perdeu,5.00,7.8,,0,-5.00,Casa,
2026-08-18T09:19:00+00:00,"ML Zagreb, Fenerbahce, Boca & SPFC",Football,Lottu,Simples,Perdeu,15.00,10.2,,0,-15.00,Casa,
2026-08-18T09:21:00+00:00,ML Medvedev & Adam Walton,Football,Betano,Simples,Perdeu,20.00,4.7,,0,-20.00,Casa,
2026-08-18T09:22:00+00:00,Medvedev vence por 2x0 - Medvedev x Nakashima,Football,Betano,Simples,Perdeu,5.00,3.3,,0,-5.00,Casa,
2026-08-18T09:25:00+00:00,ML Rublev & Michael Zheng,Football,Betano,Simples,Perdeu,10.00,4.6,,0,-10.00,Casa,
2026-08-18T09:26:00+00:00,"São Paulo marca, 7+ SOTs Trikas e 6+ cantos",Football,ReiDoPitaco,Simples,Perdeu,45.00,3.36,,0,-45.00,Saldo Livre,
2026-08-18T09:27:00+00:00,Over 2.5 gols e 8.5 cantos - Goiás x Juventude,Football,EsportesDaSorte,Simples,Perdeu,15.00,4.6,,0,-15.00,Saldo Livre,
2026-08-18T11:21:00+00:00,"2+ gols, 11+ cantos & 5+ cartões - Náutico x Ceará",Football,VaiDeBet,Simples,Perdeu,5.00,5,,0,-5.00,Casa,
2026-08-18T11:21:00+00:00,"2+ gols, 8+ cantos & 6+ cartões - Rivadavia x Fluminense",Football,VaiDeBet,Simples,Ganhou,5.00,5,,0,20.00,Casa,
2026-08-18T11:21:00+00:00,"2+ gols, 9+ cantos & 5+ cartões - U. Católica x Estudiantes",Football,VaiDeBet,Simples,Perdeu,5.00,4.8,,0,-5.00,Casa,
2026-08-18T15:19:00+00:00,São Paulo vence por 2 de diferença - ADICIONEM O AUMENTO DE 25%!!,Football,Betano,Simples,Ganhou,25.00,2.562,,0,39.05,Casa,
2026-08-18T17:40:00+00:00,Rivadavia HT A Zero,Football,Betano,Simples,Perdeu,20.00,4.13,,0,-20.00,Casa,
2026-08-19T03:55:00+00:00,Galo ganha com gol HT e 4+ cantos HT,Football,EsportesDaSorte,Simples,Perdeu,10.00,5.5,,0,-10.00,Saldo Livre,
2026-08-19T05:30:00+00:00,Flamengo ganha e tem mais cantos,Football,Lottu,Simples,Perdeu,40.00,3.25,,0,-40.00,Casa,
2026-08-19T05:36:00+00:00,Bodo vence e 3+ gols na partida,Football,EsportesDaSorte,Simples,Ganhou,30.00,3.8,,0,84.00,Saldo Livre,
2026-08-19T06:55:00+00:00,Gol HT e 5+ cantos HT - Cerro x Palmeiras,Football,EsportesDaSorte,Simples,Ganhou,10.00,3.85,,0,28.50,Saldo Livre,
2026-08-19T06:55:00+00:00,Palmeiras vence e +2.5 gols,Football,EsportesDaSorte,Simples,Perdeu,10.00,4.15,,0,-10.00,Saldo Livre,
2026-08-19T07:12:00+00:00,Ambas marcam e 11+ cantos - Flamengo x Cruzeiro,Football,EsportesDaSorte,Simples,Perdeu,10.00,4.9,,0,-10.00,Saldo Livre,
2026-08-19T07:12:00+00:00,"Ambas marcam, 9+ cantos e 2+ cartões pra cada equipe - Avaí x Sport",Football,EsportesDaSorte,Simples,Perdeu,10.00,5.6,,0,-10.00,Saldo Livre,
2026-08-19T07:38:00+00:00,Gol HT nos jogos da Libertadores de quarta,Football,EsportivaBet,Simples,Perdeu,10.00,4,,0,-10.00,Casa,
2026-08-19T07:47:00+00:00,Ambas marcam e +2.5 gols + Over 9.5 escanteios - Atlético de Madrid x Málaga ,Football,EsportivaBet,Simples,Perdeu,15.00,5.25,,0,-15.00,Casa,
2026-08-19T07:47:00+00:00,2+ gols em cada jogo da Sula de quarta ,Football,EsportivaBet,Simples,Perdeu,15.00,4,,0,-15.00,Casa,
2026-08-19T07:49:00+00:00,ML Atlético Madrid + over 3.5 gols,Football,Lottu,Simples,Perdeu,15.00,3.75,,0,-15.00,Casa,
2026-08-19T07:50:00+00:00,ML Bodo/Glimt + ambos marcam,Football,Lottu,Simples,Ganhou,15.00,4.4,,0,51.00,Casa,
2026-08-19T07:50:00+00:00,Over 1.5 gols e 6.5 cantos do Celtic x LASK,Football,Lottu,Simples,Ganhou,20.00,4.6,,0,72.00,Casa,
2026-08-19T07:55:00+00:00,Over 2.5 gols e 8.5 cantos + ambos levam 2 cartões - Cerro Porteno x Palmeiras,Football,Lottu,Simples,Perdeu,5.00,8.15,,0,-5.00,Casa,
2026-08-19T08:06:00+00:00,Atlético de Madrid a 0 HT - ADICIONEM O AUMENTO DE 25%!!,Football,Betano,Simples,Perdeu,45.00,2.25,,0,-45.00,Casa,
2026-08-19T09:10:00+00:00,Minaur e Nakashima ML,Football,Betano,Simples,Perdeu,25.00,5,,0,-25.00,Casa,
2026-08-19T09:10:00+00:00,Zverev e Kostyuk ML,Football,Betano,Simples,Perdeu,30.00,3.6,,0,-30.00,Casa,
2026-08-19T09:10:00+00:00,Aliassime e Amanda ML,Football,Betano,Simples,Perdeu,35.00,3.6,,0,-35.00,Casa,
2026-08-19T09:11:00+00:00,"3+ gols: Celtic x LASK, Slovan x Celje & NEC x Bodo",Football,Novibet,Simples,Perdeu,15.00,4.74,,0,-15.00,Casa,
2026-08-19T09:13:00+00:00,Flamengo marca 2 gols + 0.5 SOT Arrascaeta,Football,Lottu,Simples,Ganhou,10.00,2.4,,0,14.00,Casa,
2026-08-19T09:13:00+00:00,"Ambos marcam, over 7.5 cantos e ambos sofrem 2 cartões - Independiente Santa Fé x River Plate",Football,Lottu,Simples,Perdeu,5.00,7,,0,-5.00,Casa,
2026-08-19T09:13:00+00:00,Flamengo classifica + over 2.5 gols e 8.5 cantos,Football,Lottu,Simples,Ganhou,20.00,5.45,,0,89.00,Casa,
2026-08-19T09:15:00+00:00,"Over 0.5 gols, 4.5 cantos e 0.5 cartões HT - Flamengo x Cruzeiro",Football,Lottu,Simples,Perdeu,15.00,4.35,,0,-15.00,Saldo Livre,
2026-08-19T09:20:00+00:00,"Ambos marcam, over 8.5 cantos e ambos sofrem 2 cartões - Atlético MG x Bragantino",Football,Lottu,Simples,Perdeu,10.00,5.85,,0,-10.00,Saldo Livre,
2026-08-19T09:20:00+00:00,Over 0.5 gols e 4.5 cantos HT - Independiente Santa Fe x River Plate,Football,Lottu,Simples,Perdeu,15.00,4.6,,0,-15.00,Saldo Livre,
2026-08-19T09:26:00+00:00,Vila Nova HT/FT a zero,Football,7K,Simples,Ganhou,15.00,3.28,,0,34.20,Saldo Livre,
2026-08-19T09:26:00+00:00,LEÃO!  vence a zero,Football,7K,Simples,Perdeu,20.00,3,,0,-20.00,Saldo Livre,
2026-08-19T09:26:00+00:00,BTTS e 10+ cantos - Botafake x Criciuma,Football,7K,Simples,Ganhou,25.00,4,,0,75.00,Saldo Livre,
2026-08-19T10:46:00+00:00,Palmeiras para ter um gol de vantagem,Football,Superbet,Simples,Ganhou,80.00,1.9,,0,72.00,Casa,
2026-08-19T10:50:00+00:00,"2+ gols, 6+ cartões & 10+ cantos - Atl. Mineiro x Bragantino",Football,VaiDeBet,Simples,Perdeu,5.00,5.8,,0,-5.00,Casa,
2026-08-19T10:55:00+00:00,"ML Tigre, 2+ gols & 5+ cartões",Football,VaiDeBet,Simples,Perdeu,15.00,5.5,,0,-15.00,Casa,
2026-08-19T11:24:00+00:00,"2+ gols, 11+ cantos & 6+ cartões - Vila nova x Ponte Preta",Football,VaiDeBet,Simples,Perdeu,5.00,5.8,,0,-5.00,Casa,
2026-08-19T11:24:00+00:00,"2+ gols, 10+ cantos & 6+ cartões - Botafogo SP x Criciúma",Football,VaiDeBet,Simples,Perdeu,5.00,5.5,,0,-5.00,Casa,
2026-08-19T11:28:00+00:00,"ML HT Palmeiras, 2+ gols & 8+ cantos",Football,VaiDeBet,Simples,Perdeu,10.00,5,,0,-10.00,Casa,
2026-08-19T11:38:00+00:00,Al Ahly marca + Barcelona: ML HT & 4+ gols,Football,VaiDeBet,Simples,Perdeu,10.00,5.2,,0,-10.00,Casa,
2026-08-19T12:19:00+00:00,Flamengo vence por 2+ gols de diferença - ADICIONEM O AUMENTO DE 50%!!,Football,Betano,Simples,Perdeu,50.00,2.9,,0,-50.00,Casa,
2026-08-19T15:03:00+00:00,"Flamengo tem mais cantos no HT, ambas equipes marcam e gol no 2° tempo - ADICIONEM O AUMENTO DE 25%!!",Football,Lottu,Simples,Perdeu,15.00,4.32,,0,-15.00,Casa,
2026-08-19T15:29:00+00:00,Flamengo classifica e 3+ gols na partida,Football,EsportesDaSorte,Simples,Ganhou,50.00,3.4,,0,120.00,Casa,
2026-08-20T09:19:00+00:00,Pavlidis marca 2+ gols -> Benfica,Football,Novibet,Simples,Pendente,10.00,4.4,,0,0.00,Casa,
2026-08-20T09:19:00+00:00,Botafogo marca 4+ gols e 9+ cantos na partida,Football,Novibet,Simples,Pendente,35.00,3.18,,0,0.00,Casa,
2026-08-20T09:37:00+00:00,Estrela vence e +2.5 gols,Football,Novibet,Simples,Pendente,5.00,2.97,,0,0.00,Casa,